{"power06_kwh": 2.866666666666668, "power07_kwh": 8.151666666666669, "power08_kwh": 3.3483333333333323}