{"power03_kwh": 3.223333333333333, "power04_kwh": 8.82666666666667, "power05_kwh": 4.123333333333331}