{"power03_kwh": 3.2899999999999996, "power04_kwh": 9.103333333333337, "power05_kwh": 4.315000000000001}