{"power06_kwh": 2.866666666666668, "power07_kwh": 8.185000000000004, "power08_kwh": 3.4149999999999987}