{"power03_kwh": 3.223333333333333, "power04_kwh": 8.793333333333335, "power05_kwh": 4.056666666666665}