{"power03_kwh": 3.223333333333333, "power04_kwh": 8.843333333333337, "power05_kwh": 4.1566666666666645}